num_assigned,elapsed_time,status,assignments,total_assigned_priority,lambda,strategy,num_targets,plot_file
27,0.011218070983886719,success,"{779: 27, 757: 34, 409: 7, 1152: 12, 689: 10, 147: 33, 678: 3, 824: 29, 1114: 0, 577: 16, 489: 5, 375: 28, 110: 23, 501: 4, 107: 8, 475: 26, 589: 2, 114: 21, 956: 6, 380: 18, 1098: 1, 1306: 11, 787: 17, 795: 22, 550: 24, 880: 32, 996: 9}",39.0,0.0001,greedy,29,output_multi_priority/assignment_results_greedy_lambda_0.00010.png
0,0.0,error: Unknown strategy: greedy_furthest,,,0.0001,greedy_furthest,0,
28,0.09045290946960449,optimal,"{162: 26, 307: 35, 396: 18, 483: 6, 588: 12, 706: 31, 837: 2, 905: 19, 910: 4, 951: 16, 1004: 5, 1012: 37, 1046: 13, 1058: 30, 1091: 8, 1101: 7, 1118: 0, 1140: 29, 1144: 34, 1149: 27, 1174: 24, 1246: 14, 1260: 17, 1289: 25, 1296: 28, 1330: 1, 1395: 20, 1400: 36}",49.0,0.0001,cp,28,output_multi_priority/assignment_results_cp_lambda_0.00010.png
219,0.17557120323181152,success,"{1289: 332, 839: 298, 1358: 123, 1150: 216, 1192: 336, 989: 80, 627: 278, 896: 129, 1287: 356, 1043: 370, 256: 28, 830: 384, 1034: 191, 194: 390, 1300: 158, 1267: 362, 790: 287, 554: 326, 1388: 106, 707: 101, 674: 315, 675: 238, 753: 213, 167: 372, 910: 185, 1203: 83, 894: 293, 1064: 177, 1381: 355, 493: 166, 1285: 339, 1148: 368, 322: 12, 719: 308, 288: 325, 761: 115, 1229: 240, 669: 159, 63: 261, 1104: 30, 942: 54, 1054: 361, 1308: 122, 1056: 114, 1156: 125, 1372: 124, 1339: 303, 188: 195, 963: 324, 1384: 343, 1302: 64, 1011: 70, 859: 88, 938: 52, 1085: 256, 1359: 330, 293: 276, 954: 94, 54: 387, 706: 296, 343: 53, 948: 207, 1342: 9, 639: 365, 1176: 132, 138: 348, 903: 25, 689: 60, 865: 27, 1357: 116, 588: 396, 818: 245, 361: 250, 460: 349, 875: 79, 523: 113, 846: 194, 201: 288, 716: 15, 877: 222, 717: 304, 1036: 220, 488: 210, 162: 333, 985: 171, 78: 282, 694: 212, 544: 301, 1281: 328, 692: 73, 1351: 381, 236: 3, 115: 353, 871: 66, 514: 148, 1135: 180, 789: 391, 1058: 225, 215: 135, 202: 294, 635: 99, 425: 190, 857: 386, 455: 232, 1241: 228, 1190: 310, 997: 197, 1349: 244, 598: 379, 1345: 309, 565: 170, 781: 193, 832: 40, 847: 280, 647: 38, 1125: 140, 130: 87, 222: 199, 1272: 160, 160: 98, 943: 273, 721: 226, 899: 142, 307: 385, 1023: 68, 756: 176, 396: 335, 886: 26, 1391: 223, 1252: 192, 1051: 264, 956: 380, 1177: 78, 919: 41, 932: 45, 944: 373, 605: 243, 1000: 246, 296: 72, 941: 5, 1317: 130, 1306: 0, 630: 320, 417: 231, 52: 272, 214: 290, 965: 84, 1346: 6, 1364: 18, 962: 92, 147: 242, 1260: 313, 310: 295, 153: 327, 793: 71, 1365: 164, 1053: 202, 1012: 363, 1069: 340, 1151: 230, 580: 218, 146: 299, 1318: 34, 940: 285, 765: 100, 1355: 314, 1107: 105, 372: 149, 444: 163, 285: 17, 599: 260, 264: 334, 838: 7, 613: 137, 238: 316, 129: 155, 1131: 206, 592: 96, 904: 111, 825: 55, 979: 8, 626: 342, 550: 269, 1169: 204, 1207: 95, 698: 183, 1105: 133, 481: 258, 1115: 377, 831: 236, 261: 279, 1290: 292, 714: 75, 950: 168, 383: 253, 177: 186, 936: 331, 1046: 241, 1093: 376, 1251: 268, 1158: 211, 1328: 344, 126: 146, 1049: 131, 548: 215, 1025: 167, 1232: 338, 298: 200, 631: 127, 880: 172, 228: 82, 623: 364, 110: 143, 1354: 227, 660: 383, 380: 19, 925: 389, 1121: 110, 120: 59}",334.0,0.0012000000000000001,greedy,281,output_multi_priority/assignment_results_greedy_lambda_0.00120.png
0,0.0,error: Unknown strategy: greedy_furthest,,,0.0012000000000000001,greedy_furthest,0,
0,0.48034214973449707,solver_failed: 3,{},0.0,0.0012000000000000001,cp,304,output_multi_priority/assignment_results_cp_lambda_0.00120.png
362,0.6515610218048096,success,"{650: 450, 1044: 420, 795: 330, 153: 644, 409: 570, 694: 149, 1000: 85, 1252: 445, 307: 106, 638: 50, 1028: 195, 857: 424, 714: 490, 1376: 40, 838: 236, 989: 104, 871: 731, 261: 661, 1215: 309, 1004: 614, 1142: 396, 550: 550, 790: 651, 1118: 759, 1381: 489, 488: 566, 648: 650, 664: 554, 450: 458, 721: 502, 463: 569, 719: 216, 1017: 258, 990: 397, 847: 672, 422: 519, 612: 237, 604: 638, 950: 626, 693: 499, 233: 285, 695: 441, 1011: 824, 1349: 172, 1135: 492, 925: 44, 716: 146, 592: 752, 1326: 348, 554: 380, 921: 637, 1085: 188, 904: 25, 1316: 13, 589: 98, 1194: 305, 580: 777, 741: 818, 322: 198, 1167: 625, 991: 93, 302: 544, 818: 443, 820: 767, 495: 495, 103: 702, 114: 639, 839: 775, 361: 210, 192: 213, 668: 455, 687: 384, 1150: 509, 1149: 386, 1201: 688, 748: 70, 1036: 522, 814: 573, 1125: 670, 155: 222, 875: 656, 605: 284, 565: 742, 598: 765, 54: 378, 372: 187, 288: 642, 245: 89, 1187: 96, 676: 261, 107: 293, 956: 584, 1324: 393, 333: 621, 1019: 485, 1314: 108, 743: 63, 827: 597, 394: 476, 1034: 130, 681: 51, 71: 611, 897: 692, 919: 762, 1172: 254, 979: 363, 228: 462, 938: 705, 899: 10, 1303: 270, 1331: 747, 1115: 26, 189: 163, 733: 663, 1162: 74, 808: 209, 236: 677, 842: 41, 654: 643, 1012: 697, 187: 357, 1140: 2, 1104: 111, 548: 552, 1069: 748, 588: 755, 760: 787, 162: 428, 940: 346, 1158: 229, 1174: 18, 514: 760, 208: 676, 809: 113, 1364: 603, 1395: 57, 1281: 690, 1296: 628, 199: 757, 1058: 279, 240: 80, 1144: 588, 1153: 410, 1346: 736, 544: 434, 1329: 1, 630: 133, 692: 191, 1260: 264, 170: 56, 678: 391, 870: 780, 789: 99, 677: 62, 849: 636, 1272: 401, 910: 354, 1345: 7, 455: 812, 898: 618, 296: 311, 1289: 409, 3: 84, 816: 693, 1372: 413, 1232: 76, 1190: 288, 115: 145, 417: 314, 1203: 398, 999: 275, 1400: 350, 1093: 798, 1040: 592, 1302: 796, 1251: 408, 964: 114, 507: 160, 1333: 126, 669: 369, 201: 246, 631: 257, 1318: 61, 674: 828, 994: 727, 1051: 174, 667: 822, 948: 825, 944: 735, 1382: 815, 1026: 403, 793: 538, 866: 54, 1009: 322, 202: 785, 1276: 480, 1351: 659, 1270: 265, 124: 725, 1131: 632, 599: 506, 238: 16, 383: 206, 1300: 415, 126: 739, 1032: 537, 707: 789, 673: 52, 903: 228, 766: 738, 1306: 536, 942: 371, 1081: 151, 1365: 223, 1240: 629, 730: 666, 264: 558, 1353: 523, 896: 381, 483: 177, 906: 726, 647: 179, 194: 299, 880: 157, 627: 601, 1170: 365, 1339: 262, 110: 811, 886: 467, 1222: 571, 1136: 422, 444: 247, 671: 59, 872: 0, 975: 248, 885: 202, 146: 359, 1357: 161, 375: 338, 753: 255, 825: 716, 637: 14, 1323: 460, 690: 539, 298: 329, 765: 543, 130: 524, 804: 272, 936: 694, 1107: 11, 914: 379, 996: 514, 251: 699, 895: 788, 832: 615, 466: 383, 16: 395, 160: 486, 824: 102, 1308: 175, 1064: 590, 1148: 448, 436: 407, 1267: 250, 1202: 533, 1013: 296, 1143: 679, 757: 152, 1098: 212, 577: 471, 214: 685, 717: 153, 1355: 328, 1095: 604, 859: 729, 1086: 565, 1359: 447, 635: 501, 215: 515, 791: 700, 452: 127, 1338: 475, 1101: 374, 1126: 504, 343: 115, 1155: 665, 691: 239, 1078: 117, 1246: 306, 1127: 668, 78: 189, 1370: 12, 786: 394, 665: 200, 1340: 707, 623: 30, 572: 763, 941: 479, 837: 564, 310: 674, 1192: 734, 984: 744, 1328: 797, 902: 596, 293: 427, 971: 627, 802: 444, 840: 715, 943: 541, 1109: 723, 460: 31, 877: 463, 469: 432, 1113: 280, 1063: 764, 779: 38, 552: 136, 1137: 704, 1362: 86, 973: 245, 1169: 64, 1096: 315, 1049: 58, 610: 342, 715: 19, 908: 497, 63: 809, 1388: 193, 1130: 226, 200: 274, 891: 325, 222: 561, 600: 795, 533: 308, 344: 617, 689: 418, 865: 168, 144: 830, 1105: 719, 912: 402, 1378: 367, 1363: 773, 1358: 217, 661: 278, 597: 633, 275: 808, 641: 240, 1229: 273, 1091: 5, 835: 801, 86: 97, 1330: 500, 235: 158, 1023: 39, 1070: 326, 1152: 336, 1317: 708, 918: 421, 506: 334, 613: 281, 171: 616, 184: 691}",594.0,0.0023,greedy,602,output_multi_priority/assignment_results_greedy_lambda_0.00230.png
0,0.0,error: Unknown strategy: greedy_furthest,,,0.0023,greedy_furthest,0,
0,0.9316728115081787,solver_failed: 3,{},0.0,0.0023,cp,576,output_multi_priority/assignment_results_cp_lambda_0.00230.png
422,1.1207959651947021,success,"{786: 261, 383: 102, 1359: 200, 1096: 769, 990: 963, 1130: 1144, 789: 787, 322: 1136, 115: 715, 690: 1215, 847: 941, 1276: 948, 691: 1, 965: 170, 1040: 239, 285: 153, 809: 852, 692: 282, 681: 1153, 999: 161, 107: 895, 1301: 1233, 514: 428, 228: 968, 1174: 867, 675: 346, 761: 1171, 507: 426, 693: 943, 1019: 268, 1201: 801, 1373: 175, 409: 9, 648: 1102, 343: 647, 837: 673, 827: 1266, 1144: 718, 1100: 384, 1177: 520, 179: 450, 835: 600, 1025: 1176, 784: 65, 3: 990, 1169: 1055, 194: 959, 1270: 217, 1143: 69, 481: 1221, 523: 350, 1108: 542, 612: 681, 192: 665, 895: 908, 989: 50, 733: 97, 1136: 264, 1140: 2, 307: 958, 1156: 357, 1329: 935, 199: 1092, 215: 931, 857: 1174, 251: 751, 906: 508, 1158: 557, 866: 654, 1170: 1158, 1316: 93, 940: 1163, 910: 594, 1203: 22, 1081: 297, 177: 965, 148: 298, 635: 25, 119: 89, 1000: 630, 748: 202, 167: 237, 189: 1091, 214: 1244, 839: 538, 552: 491, 1135: 166, 1044: 906, 1152: 514, 1222: 241, 1308: 386, 985: 280, 302: 38, 1302: 1104, 818: 652, 589: 981, 1131: 270, 110: 456, 1285: 705, 899: 850, 824: 677, 533: 896, 452: 1217, 171: 574, 1064: 891, 756: 431, 765: 802, 138: 1206, 469: 643, 791: 1161, 554: 301, 1346: 799, 488: 1237, 455: 944, 361: 115, 63: 1108, 901: 1264, 147: 886, 787: 432, 1192: 1231, 674: 663, 891: 575, 714: 26, 1167: 1159, 1365: 173, 793: 517, 550: 168, 1374: 535, 483: 502, 544: 60, 1126: 1186, 1229: 177, 903: 834, 760: 391, 954: 739, 417: 424, 766: 382, 984: 275, 1049: 810, 1303: 688, 1187: 281, 1153: 315, 1078: 83, 678: 782, 677: 317, 1058: 433, 668: 462, 1246: 706, 1034: 1063, 71: 893, 289: 1228, 897: 1067, 1396: 481, 16: 1145, 1016: 1156, 1353: 1205, 208: 165, 495: 794, 687: 73, 1312: 374, 1142: 989, 604: 553, 941: 397, 1300: 439, 1323: 332, 921: 1003, 450: 949, 637: 1202, 753: 1251, 588: 748, 575: 390, 669: 674, 155: 579, 1190: 1239, 293: 1147, 1051: 186, 991: 924, 1336: 724, 1028: 1225, 444: 550, 162: 62, 1393: 694, 943: 740, 975: 843, 654: 66, 503: 1116, 804: 571, 261: 697, 1372: 4, 1334: 381, 264: 42, 1287: 448, 288: 126, 1272: 454, 898: 132, 1381: 624, 432: 84, 1364: 407, 914: 321, 1018: 763, 1333: 554, 460: 1018, 1226: 457, 466: 475, 1330: 641, 942: 1010, 877: 849, 187: 632, 1149: 696, 741: 584, 201: 437, 1063: 465, 905: 258, 894: 622, 1155: 99, 40: 986, 1023: 754, 719: 620, 613: 752, 790: 758, 623: 1122, 715: 419, 673: 1270, 779: 926, 577: 798, 650: 918, 1013: 884, 665: 111, 1182: 671, 436: 470, 1046: 609, 640: 302, 475: 780, 153: 664, 394: 803, 1011: 901, 501: 489, 1318: 1155, 1109: 593, 865: 85, 1103: 201, 1042: 841, 1331: 668, 706: 243, 1267: 399, 1260: 590, 886: 612, 849: 771, 630: 1027, 1113: 314, 1053: 305, 925: 1023, 1114: 1121, 1357: 87, 1098: 273, 1104: 311, 859: 564, 1115: 1196, 463: 669, 275: 76, 1240: 435, 1252: 830, 1314: 387, 608: 704, 730: 219, 1347: 114, 995: 277, 310: 773, 146: 902, 493: 765, 796: 329, 814: 1087, 938: 615, 660: 932, 1306: 351, 870: 199, 592: 833, 448: 20, 296: 659, 872: 1131, 1032: 323, 1004: 569, 1328: 637, 880: 859, 944: 405, 1101: 206, 1176: 1000, 260: 469, 698: 208, 1251: 1252, 689: 452, 344: 730, 695: 290, 619: 1076, 1172: 236, 103: 473, 808: 1044, 716: 1098, 1194: 991, 1363: 807, 638: 375, 380: 903, 1017: 107, 912: 1107, 1148: 720, 120: 37, 1068: 271, 580: 689, 1349: 64, 1378: 607, 795: 1138, 605: 409, 757: 221, 1085: 732, 816: 586, 830: 21, 1070: 1009, 936: 610, 333: 998, 1083: 602, 1339: 753, 184: 946, 1129: 246, 1351: 1209, 964: 1039, 1289: 836, 1054: 819, 1106: 580, 1376: 785, 694: 144, 631: 1085, 1392: 529, 200: 1088, 489: 670, 762: 345, 1107: 330, 325: 979, 676: 474, 721: 1061, 240: 1110, 222: 735, 838: 167, 597: 1070, 842: 523, 1026: 614, 1341: 1173, 624: 797, 904: 714, 661: 928, 1112: 907, 663: 942, 52: 597, 548: 372, 820: 88, 1358: 1261, 742: 440, 647: 232, 1091: 1051, 1241: 897, 1355: 960, 885: 1074, 1009: 1082, 994: 341, 581: 251, 1232: 287, 1151: 1199, 1207: 583, 997: 1043, 599: 904, 664: 912, 1036: 3, 1208: 796, 422: 1152, 963: 1065, 1127: 1034, 1296: 1084, 600: 969, 1039: 577, 1121: 1024, 610: 95, 831: 1211, 1340: 865, 1345: 27, 437: 247, 709: 1052, 565: 804, 410: 1194, 1215: 294, 996: 559, 948: 587, 1266: 596, 1326: 380, 572: 921, 667: 982, 78: 47, 840: 703, 235: 887, 717: 127, 828: 228, 1281: 0, 170: 533, 919: 109, 1200: 611, 1202: 744, 950: 547, 932: 459, 233: 634, 1162: 1164, 971: 1195, 114: 1243, 805: 684, 202: 324, 136: 1151, 871: 1083, 639: 772, 372: 540, 160: 260, 852: 879, 130: 190, 724: 1139, 1338: 719, 1095: 434}",743.0,0.0034,greedy,927,output_multi_priority/assignment_results_greedy_lambda_0.00340.png
0,0.0,error: Unknown strategy: greedy_furthest,,,0.0034,greedy_furthest,0,
0,1.412226915359497,solver_failed: 3,{},0.0,0.0034,cp,850,output_multi_priority/assignment_results_cp_lambda_0.00340.png
447,2.003854990005493,success,"{1170: 567, 912: 1514, 1019: 22, 891: 1531, 741: 135, 115: 395, 1081: 1319, 1101: 1205, 194: 716, 592: 940, 214: 986, 1044: 596, 714: 4, 86: 870, 488: 538, 495: 317, 1222: 1429, 852: 191, 950: 93, 1156: 621, 489: 39, 650: 1149, 550: 1002, 565: 1265, 1012: 1612, 756: 1593, 1308: 1074, 870: 915, 264: 1492, 790: 77, 361: 1032, 1203: 1638, 1331: 794, 238: 891, 588: 1278, 1034: 1397, 1158: 1292, 639: 1201, 985: 254, 647: 497, 184: 1509, 153: 431, 1009: 109, 1226: 64, 698: 240, 1349: 1339, 425: 467, 1200: 863, 630: 1158, 1051: 1396, 1187: 1023, 796: 1207, 996: 325, 1330: 1309, 802: 27, 757: 874, 824: 390, 552: 733, 448: 477, 523: 1525, 669: 419, 436: 230, 979: 1250, 690: 379, 668: 787, 676: 493, 784: 222, 748: 455, 789: 773, 114: 1152, 715: 1312, 919: 579, 835: 202, 964: 877, 1302: 124, 936: 764, 1153: 1360, 866: 277, 493: 200, 1018: 1335, 779: 484, 943: 132, 910: 687, 322: 335, 1130: 967, 192: 1290, 1109: 1599, 1267: 674, 765: 1528, 814: 640, 293: 1524, 840: 1164, 1339: 391, 786: 208, 791: 680, 1040: 1454, 605: 1140, 1246: 930, 1113: 671, 1359: 1235, 954: 1541, 1127: 713, 868: 1344, 793: 131, 631: 1368, 307: 1519, 159: 1358, 147: 1491, 1208: 1196, 675: 1357, 251: 959, 215: 1644, 580: 1473, 1285: 1428, 827: 1050, 1201: 229, 1241: 1212, 1182: 851, 1135: 590, 1176: 150, 921: 866, 260: 1581, 1303: 815, 667: 950, 938: 1010, 612: 1106, 162: 1490, 664: 502, 721: 521, 1167: 932, 554: 1138, 1037: 1482, 941: 47, 1169: 979, 781: 583, 1083: 901, 1036: 1515, 1306: 752, 808: 1247, 469: 859, 1341: 1587, 187: 1377, 432: 1628, 110: 1535, 278: 1394, 906: 499, 501: 942, 1396: 1334, 857: 749, 818: 1177, 707: 771, 533: 272, 548: 1258, 475: 1232, 587: 1405, 905: 623, 208: 1427, 846: 911, 809: 396, 1207: 835, 1229: 160, 394: 214, 1296: 322, 146: 706, 1316: 1472, 671: 1191, 989: 1404, 1376: 1027, 1276: 1465, 199: 243, 1287: 2, 689: 937, 1098: 998, 1289: 1418, 787: 228, 984: 340, 1004: 1093, 189: 105, 760: 731, 1143: 1113, 743: 296, 78: 1390, 948: 88, 466: 561, 674: 600, 1363: 1126, 1190: 463, 842: 487, 896: 114, 325: 1102, 1272: 797, 830: 89, 599: 781, 1064: 1306, 463: 492, 288: 813, 899: 1578, 1108: 1476, 894: 1432, 820: 257, 597: 365, 991: 1539, 859: 1623, 483: 1251, 129: 355, 240: 475, 1118: 204, 654: 745, 1069: 1475, 1266: 1156, 895: 1606, 1125: 375, 148: 1340, 1364: 801, 228: 613, 877: 1438, 742: 1596, 1372: 530, 1357: 170, 1114: 285, 695: 248, 975: 650, 572: 332, 637: 598, 660: 1227, 120: 25, 417: 1124, 963: 610, 16: 1116, 460: 284, 1192: 750, 897: 1228, 3: 668, 719: 408, 619: 665, 693: 918, 581: 636, 1148: 91, 1281: 1231, 52: 694, 289: 699, 544: 488, 962: 1089, 1163: 56, 902: 560, 1016: 43, 1136: 976, 124: 1325, 1393: 711, 691: 1504, 514: 943, 761: 602, 1155: 479, 717: 429, 1392: 634, 733: 508, 202: 461, 71: 1139, 107: 1538, 1144: 247, 1131: 154, 481: 1582, 1177: 399, 1370: 1082, 753: 454, 1025: 1385, 1053: 1186, 901: 783, 871: 735, 1054: 1651, 1373: 1480, 1140: 453, 333: 552, 201: 1008, 1345: 1561, 455: 629, 1400: 763, 624: 1637, 1174: 746, 635: 414, 160: 385, 1391: 1264, 706: 1633, 1121: 139, 103: 144, 235: 175, 1126: 802, 990: 1137, 673: 1567, 973: 1122, 1086: 446, 903: 125, 1383: 897, 880: 389, 1213: 294, 1251: 1584, 1068: 1589, 1070: 936, 942: 570, 932: 1455, 661: 864, 1374: 1521, 665: 1635, 828: 367, 383: 896, 925: 620, 140: 1381, 1093: 1271, 1026: 1083, 130: 1090, 1314: 151, 641: 803, 623: 138, 914: 830, 1106: 368, 296: 1195, 503: 392, 1338: 86, 54: 847, 1149: 628, 1063: 23, 872: 1373, 849: 211, 1300: 599, 1328: 1481, 865: 1047, 343: 1563, 839: 53, 179: 1585, 1312: 252, 450: 1639, 600: 1507, 402: 129, 687: 444, 373: 1568, 1232: 471, 627: 526, 1151: 1523, 1023: 410, 1240: 1399, 1095: 1356, 875: 279, 604: 831, 1107: 26, 1091: 520, 589: 1497, 1129: 498, 1142: 1120, 138: 120, 1152: 73, 681: 582, 63: 1295, 904: 1553, 375: 190, 1347: 407, 409: 66, 177: 1452, 730: 604, 940: 409, 119: 574, 1270: 1063, 236: 1294, 1046: 852, 136: 1274, 1252: 87, 575: 133, 415: 1398, 1105: 1052, 1381: 303, 837: 1329, 613: 1131, 1351: 693, 1100: 1280, 1336: 1, 610: 1583, 1362: 573, 847: 820, 1194: 373, 626: 413, 1346: 904, 1318: 603, 1340: 949, 422: 1611, 372: 1466, 1355: 115, 245: 1592, 1112: 102, 1085: 1488, 885: 1660, 1215: 1298, 608: 436, 233: 565, 40: 1257, 1334: 518, 256: 1037, 1172: 415, 200: 299, 222: 611, 677: 103, 918: 1629, 999: 754, 1388: 1560, 762: 1431, 507: 1111, 1317: 430, 437: 358, 1353: 667, 819: 1451, 171: 401, 1333: 790, 1358: 705, 1329: 1370, 1301: 1141, 1013: 1414, 1028: 1487, 577: 808, 1202: 18, 1323: 670, 1078: 1565, 298: 1462, 285: 1459, 663: 1337, 804: 1245, 1137: 727, 1354: 916, 188: 660, 506: 542, 971: 920, 1000: 639, 805: 1178, 816: 1279, 344: 884, 908: 283, 1260: 403, 1011: 1386, 994: 696, 302: 1242, 1096: 697, 1058: 849, 678: 785, 410: 1621, 716: 547, 1395: 1336, 310: 1534, 1384: 1016, 1115: 128, 1365: 791}",793.0,0.0045000000000000005,greedy,1159,output_multi_priority/assignment_results_greedy_lambda_0.00450.png
0,0.0,error: Unknown strategy: greedy_furthest,,,0.0045000000000000005,greedy_furthest,0,
0,1.9383232593536377,solver_failed: 3,{},0.0,0.0045000000000000005,cp,1147,output_multi_priority/assignment_results_cp_lambda_0.00450.png
463,2.797783136367798,success,"{1331: 2011, 668: 90, 187: 1431, 904: 706, 1289: 785, 214: 222, 678: 438, 1109: 1156, 1302: 693, 847: 1468, 973: 1081, 322: 843, 650: 98, 179: 1700, 918: 798, 1004: 1828, 1353: 683, 1156: 1437, 714: 662, 124: 1509, 846: 8, 129: 1152, 599: 803, 1370: 822, 1345: 1581, 784: 1838, 667: 1786, 483: 266, 1098: 140, 1381: 1182, 647: 287, 839: 1738, 1069: 1943, 1260: 1729, 1018: 172, 612: 1868, 1203: 1909, 1040: 193, 1095: 1674, 910: 372, 1143: 1874, 260: 296, 425: 954, 766: 176, 852: 1153, 199: 1913, 208: 1380, 383: 393, 394: 1766, 827: 571, 676: 1335, 1252: 1734, 1392: 1230, 1070: 1534, 941: 1004, 1028: 424, 144: 1623, 1393: 119, 1314: 394, 565: 656, 184: 1423, 870: 1865, 648: 219, 1349: 1075, 802: 257, 756: 141, 938: 1405, 1266: 523, 677: 1061, 895: 1784, 719: 487, 921: 1799, 1232: 429, 689: 1069, 188: 1219, 721: 428, 78: 1564, 375: 587, 880: 557, 460: 460, 828: 1988, 289: 1400, 1364: 1550, 1130: 1914, 544: 1695, 103: 1487, 1148: 207, 707: 256, 894: 178, 1170: 395, 16: 975, 985: 1529, 866: 1745, 333: 237, 1019: 609, 1096: 14, 991: 1298, 514: 2020, 1083: 670, 1240: 727, 71: 987, 789: 1590, 1241: 1924, 222: 413, 875: 726, 1192: 1764, 1251: 620, 373: 188, 865: 880, 1190: 1055, 396: 233, 786: 1269, 402: 1059, 1169: 471, 691: 1527, 264: 103, 1372: 759, 194: 2017, 781: 1414, 825: 1439, 261: 1264, 692: 958, 1208: 1521, 635: 352, 872: 990, 1113: 625, 1267: 89, 664: 33, 115: 45, 733: 88, 906: 1104, 1303: 1500, 167: 1340, 1009: 448, 450: 330, 592: 608, 1152: 1580, 1103: 540, 1135: 1716, 202: 306, 577: 312, 681: 1205, 1150: 49, 1131: 907, 984: 203, 436: 423, 1144: 1449, 1300: 1313, 990: 1872, 215: 470, 1091: 1845, 669: 1863, 1336: 1970, 1142: 251, 344: 585, 548: 1120, 1201: 224, 455: 1565, 1281: 1244, 114: 1493, 986: 1465, 1023: 183, 604: 1597, 1296: 1058, 1357: 1616, 296: 1320, 942: 1051, 706: 273, 1328: 912, 912: 1209, 709: 468, 730: 1246, 814: 299, 965: 2031, 787: 1686, 1064: 1556, 189: 1292, 293: 1596, 495: 1612, 1118: 1266, 148: 1024, 610: 1749, 809: 611, 1287: 533, 1308: 1539, 793: 949, 251: 516, 170: 1885, 877: 96, 552: 1939, 1177: 32, 1127: 1401, 638: 378, 808: 497, 409: 886, 52: 676, 630: 841, 693: 1610, 1359: 600, 639: 945, 1129: 1730, 1290: 1272, 885: 381, 507: 1965, 779: 1441, 1330: 576, 665: 142, 944: 1893, 1312: 1117, 830: 238, 903: 947, 824: 315, 448: 1899, 506: 95, 1301: 924, 663: 896, 905: 128, 452: 3, 619: 408, 1167: 1878, 302: 1856, 897: 791, 1136: 1642, 1054: 711, 1058: 329, 1121: 530, 240: 1451, 660: 1647, 1104: 1189, 1158: 510, 1000: 1200, 1049: 63, 1226: 1460, 307: 1494, 624: 1901, 107: 1933, 1063: 708, 1053: 271, 757: 1634, 1200: 1847, 120: 1052, 654: 1879, 857: 855, 201: 390, 831: 316, 1016: 909, 956: 626, 1333: 367, 1081: 1497, 501: 531, 1149: 1669, 971: 826, 1155: 655, 245: 901, 138: 1606, 842: 144, 997: 1045, 63: 1639, 715: 1175, 1272: 562, 835: 1068, 1346: 915, 1042: 1099, 675: 1536, 816: 2041, 3: 1677, 1140: 1471, 110: 1961, 1317: 174, 818: 443, 1011: 15, 1036: 1195, 795: 1514, 741: 480, 463: 1157, 1056: 1384, 1078: 307, 1326: 1578, 1025: 41, 1316: 824, 285: 1131, 417: 375, 761: 1194, 940: 589, 868: 688, 147: 1072, 1034: 679, 698: 565, 837: 67, 1017: 923, 954: 775, 581: 1727, 796: 1070, 687: 566, 1276: 55, 597: 1031, 640: 289, 588: 1089, 238: 1047, 936: 1746, 1323: 926, 1044: 1870, 742: 492, 748: 891, 1114: 675, 1112: 1956, 1094: 326, 298: 191, 40: 1558, 914: 744, 598: 446, 932: 40, 554: 1176, 481: 1371, 979: 1983, 1182: 1233, 437: 1122, 1039: 75, 1187: 849, 1037: 215, 1125: 334, 1374: 547, 908: 1675, 753: 728, 661: 1393, 160: 1093, 804: 1056, 925: 948, 631: 1552, 415: 1721, 153: 1177, 1338: 153, 1137: 920, 1329: 1060, 444: 488, 674: 121, 790: 1880, 1354: 1186, 410: 1025, 523: 976, 1108: 1962, 1051: 1316, 228: 1012, 126: 106, 572: 979, 235: 1927, 466: 1251, 1032: 568, 1105: 606, 849: 1691, 233: 577, 325: 2005, 600: 1416, 1382: 1029, 200: 1412, 589: 163, 86: 498, 1172: 313, 690: 1268, 995: 29, 1194: 1275, 580: 1098, 1358: 819, 871: 1812, 162: 1123, 587: 553, 695: 13, 605: 1474, 1222: 243, 760: 1092, 1151: 922, 475: 2039, 1388: 1824, 119: 816, 743: 1478, 1383: 614, 999: 927, 575: 168, 1126: 2023, 130: 837, 533: 1523, 1107: 545, 1400: 1841, 1396: 1087, 361: 1018, 641: 1295, 343: 1351, 155: 792, 886: 1225, 1106: 136, 671: 967, 1341: 930, 1363: 779, 943: 1181, 1355: 502, 901: 482, 1215: 1719, 177: 806, 637: 1192, 493: 9, 1285: 663, 503: 1273, 859: 1388, 1086: 226, 613: 869, 673: 1815, 171: 2014, 765: 1373, 964: 1658, 1395: 1992, 996: 1160, 1174: 507, 236: 1820, 1378: 1236, 1093: 295, 902: 735, 1153: 1433, 1306: 1146, 891: 1652, 1213: 1304, 288: 402, 716: 616, 256: 1381, 1376: 790, 898: 1672, 694: 162, 489: 1411, 951: 1553, 840: 1989, 488: 678, 1101: 398, 275: 1164, 963: 379, 1324: 1050, 989: 78, 1334: 1822, 1362: 1740, 1340: 748, 1351: 1020, 948: 1344, 1318: 1378, 950: 528, 896: 1443, 1176: 2036, 136: 360, 550: 1530, 1043: 387, 994: 1134, 919: 1366, 192: 1461, 724: 1817, 1391: 104, 627: 1979, 146: 323, 791: 969, 1068: 466, 806: 1271, 1347: 873, 159: 92, 832: 1113, 1246: 47, 962: 268, 1046: 1947}",842.0,0.005600000000000001,greedy,1428,output_multi_priority/assignment_results_greedy_lambda_0.00560.png
0,0.0,error: Unknown strategy: greedy_furthest,,,0.005600000000000001,greedy_furthest,0,
0,2.6132521629333496,solver_failed: 3,{},0.0,0.005600000000000001,cp,1437,output_multi_priority/assignment_results_cp_lambda_0.00560.png
477,4.210308074951172,success,"{1054: 764, 906: 1941, 849: 474, 1328: 1507, 251: 1007, 925: 135, 1037: 882, 1246: 1262, 871: 2093, 766: 2118, 455: 1574, 146: 1581, 495: 1846, 78: 133, 624: 1497, 1098: 1780, 483: 1914, 577: 2385, 425: 1392, 1241: 1288, 1017: 1621, 302: 2008, 995: 1045, 605: 212, 721: 992, 200: 678, 184: 1975, 830: 2303, 153: 1990, 997: 2179, 795: 1258, 1108: 221, 991: 119, 144: 493, 264: 1108, 235: 922, 756: 2340, 1169: 2158, 463: 1640, 675: 409, 544: 1701, 875: 2023, 1222: 1629, 707: 878, 951: 1058, 1069: 410, 664: 1443, 1103: 2236, 1004: 1003, 1150: 1373, 344: 801, 648: 2230, 1341: 104, 824: 1240, 1131: 845, 552: 1627, 1000: 867, 1314: 1697, 201: 1116, 650: 2242, 162: 2046, 598: 193, 40: 2184, 396: 463, 839: 1434, 296: 442, 170: 1908, 743: 1229, 1044: 883, 343: 21, 827: 1230, 626: 55, 730: 329, 1396: 872, 1347: 1175, 194: 308, 1339: 1835, 619: 316, 1140: 2309, 383: 1767, 637: 393, 325: 1295, 1187: 748, 261: 2332, 793: 364, 904: 1348, 943: 1733, 921: 1885, 293: 604, 1144: 559, 814: 490, 1190: 489, 129: 440, 1158: 1591, 779: 1492, 1156: 740, 417: 1561, 1063: 1403, 3: 754, 16: 1328, 1081: 1707, 964: 1718, 938: 1972, 565: 2047, 852: 1737, 689: 822, 796: 2318, 1330: 2240, 550: 1210, 1051: 2066, 1135: 1876, 1300: 1532, 1177: 2272, 635: 1203, 1127: 298, 692: 1751, 1395: 2075, 1106: 2286, 214: 2203, 979: 1448, 1318: 1516, 503: 1308, 681: 1928, 1040: 1559, 1323: 52, 786: 770, 630: 128, 514: 1748, 954: 1722, 802: 338, 1107: 675, 716: 2098, 870: 1024, 1333: 2183, 1113: 1832, 599: 2271, 554: 1690, 507: 1567, 698: 1810, 932: 1374, 1349: 669, 748: 1060, 581: 1603, 1226: 1766, 1011: 2259, 899: 805, 160: 2249, 828: 812, 1381: 1091, 668: 856, 674: 851, 1370: 623, 665: 2192, 610: 2291, 119: 98, 322: 349, 654: 2065, 877: 609, 1306: 1518, 996: 682, 1359: 1285, 1364: 1017, 989: 1731, 1143: 1154, 1316: 2044, 245: 697, 372: 618, 124: 1982, 912: 1714, 1383: 914, 914: 248, 631: 1965, 1251: 2148, 1336: 738, 1101: 2034, 107: 2415, 1289: 1474, 1019: 2132, 1392: 895, 1058: 820, 114: 2100, 1260: 496, 891: 2201, 919: 1704, 733: 2316, 846: 144, 1078: 1187, 110: 505, 842: 2119, 192: 1566, 669: 1776, 402: 1791, 1388: 1454, 1114: 1905, 857: 2073, 375: 2260, 481: 250, 1148: 1143, 361: 2216, 985: 2255, 1034: 102, 71: 1366, 373: 187, 1302: 2040, 466: 1094, 1163: 325, 1036: 293, 1345: 1144, 588: 1092, 950: 2306, 757: 1687, 115: 2130, 208: 140, 1086: 1250, 333: 291, 1013: 1635, 990: 2234, 179: 2423, 1025: 1589, 1130: 200, 222: 1040, 762: 858, 523: 1594, 612: 626, 493: 324, 944: 758, 1301: 2210, 677: 1712, 448: 2336, 706: 69, 894: 2199, 693: 2264, 825: 983, 592: 1344, 1176: 1171, 717: 908, 808: 485, 1303: 844, 1126: 775, 506: 66, 533: 1306, 940: 2354, 936: 363, 1070: 2253, 908: 1217, 791: 1460, 918: 426, 450: 2262, 1064: 810, 600: 776, 1272: 1381, 973: 190, 1340: 1874, 288: 2241, 866: 1397, 120: 327, 1326: 472, 1215: 58, 671: 721, 1170: 1029, 1329: 1150, 1296: 2258, 589: 2140, 613: 842, 895: 1393, 1232: 1441, 835: 1743, 1276: 2141, 941: 1314, 147: 1260, 187: 506, 1338: 751, 177: 1991, 86: 1884, 1376: 1961, 673: 1839, 575: 2344, 963: 1708, 714: 2315, 789: 514, 1083: 1039, 1378: 1470, 986: 1822, 667: 288, 942: 955, 761: 1887, 965: 781, 647: 777, 1203: 150, 215: 498, 1142: 1475, 1172: 614, 695: 1675, 1149: 649, 639: 461, 138: 1439, 805: 510, 1357: 2060, 394: 1080, 1194: 2250, 724: 339, 819: 2347, 1202: 209, 885: 1600, 753: 1326, 63: 1956, 838: 2168, 903: 1278, 984: 540, 1167: 1074, 859: 2057, 1391: 2127, 1334: 1898, 140: 1377, 1207: 2305, 840: 1265, 641: 2337, 167: 29, 1093: 508, 999: 2209, 236: 785, 1393: 1709, 741: 513, 1056: 1030, 1018: 2175, 489: 871, 818: 911, 1118: 967, 260: 1598, 1346: 1352, 948: 631, 103: 2418, 787: 352, 784: 1820, 1053: 1101, 1287: 465, 415: 2396, 1096: 2013, 436: 2167, 1400: 2397, 1094: 1406, 1136: 2348, 548: 1932, 159: 1925, 488: 934, 1109: 1061, 1285: 1869, 1016: 406, 228: 101, 501: 1468, 1105: 439, 1200: 310, 1213: 1303, 1270: 381, 285: 1840, 1068: 677, 676: 351, 1182: 1665, 1125: 1305, 1129: 1609, 719: 1699, 1324: 2153, 189: 2353, 475: 2246, 661: 1449, 136: 1025, 975: 1740, 1281: 1068, 1012: 109, 1042: 2274, 678: 1199, 1353: 1553, 1028: 251, 52: 1071, 1365: 835, 422: 23, 1267: 2114, 1162: 125, 1240: 1201, 790: 1580, 1317: 1946, 469: 1899, 1121: 366, 896: 2226, 1252: 192, 1229: 2369, 1384: 280, 1355: 917, 437: 1120, 608: 0, 956: 2346, 380: 2370, 1104: 1790, 1137: 1463, 690: 1873, 691: 2018, 809: 332, 1374: 942, 872: 2324, 1351: 702, 715: 662, 1192: 1501, 660: 925, 155: 1868, 623: 694, 432: 1105, 452: 2068, 837: 659, 1009: 980, 640: 1710, 868: 647, 587: 245, 847: 157, 897: 223, 880: 1592, 238: 1909, 820: 1706, 597: 148, 1023: 1038, 1043: 471, 444: 89, 1290: 1681, 971: 272, 188: 601, 905: 1231, 409: 718, 1155: 1770, 1358: 1543, 171: 376, 816: 2163, 307: 1207, 126: 996, 1363: 138, 310: 2389, 1201: 1394, 1152: 1548, 1372: 1583, 1312: 1725, 1115: 1123, 1174: 1647, 604: 2082, 804: 1167, 865: 573, 902: 831, 278: 297, 687: 185, 1091: 2115, 410: 441, 1362: 1897, 910: 1277, 781: 1486, 1151: 43, 1100: 1026, 886: 1620, 148: 551, 572: 1332, 1026: 668, 1331: 151, 1266: 761, 240: 2108, 1308: 1162, 694: 2373, 832: 2292, 901: 962, 709: 1006, 199: 1615, 760: 1554, 1039: 729, 898: 1527, 1382: 2214, 994: 813, 1046: 268, 1095: 307, 1085: 2232, 742: 2086, 580: 741, 1342: 1979}",888.0,0.0067,greedy,1687,output_multi_priority/assignment_results_greedy_lambda_0.00670.png
0,0.0,error: Unknown strategy: greedy_furthest,,,0.0067,greedy_furthest,0,
0,3.281468152999878,solver_failed: 3,{},0.0,0.0067,cp,1749,output_multi_priority/assignment_results_cp_lambda_0.00670.png
482,5.364623069763184,success,"{1034: 147, 588: 104, 789: 343, 996: 994, 1127: 482, 839: 1205, 613: 2667, 668: 17, 1152: 294, 895: 222, 908: 2656, 264: 2032, 110: 1271, 1396: 2340, 786: 952, 846: 378, 1155: 707, 1226: 676, 721: 2133, 107: 1230, 1354: 1936, 238: 1414, 1333: 951, 293: 2701, 129: 2157, 637: 2477, 943: 1937, 489: 315, 941: 799, 842: 662, 1078: 1613, 756: 2148, 689: 868, 1341: 1048, 375: 1923, 1296: 403, 660: 2537, 671: 217, 1349: 2516, 994: 1945, 638: 2635, 624: 1131, 1203: 2371, 1011: 1985, 932: 2382, 820: 162, 677: 1994, 1019: 570, 1194: 838, 604: 724, 631: 726, 455: 2513, 1240: 2650, 1016: 1625, 289: 561, 880: 1413, 115: 1471, 635: 2432, 760: 2745, 661: 2460, 1174: 480, 627: 651, 1382: 2046, 493: 1941, 1151: 2278, 1083: 193, 599: 743, 261: 323, 236: 2616, 791: 1561, 674: 2595, 1140: 1176, 1202: 1222, 71: 842, 1013: 2707, 1365: 2250, 837: 1385, 1104: 938, 1314: 1116, 824: 2723, 361: 659, 1058: 506, 189: 1154, 1115: 146, 1276: 216, 153: 1592, 187: 2191, 719: 1989, 1126: 1030, 1135: 1117, 1125: 2054, 1345: 1690, 1285: 2341, 124: 959, 1158: 1339, 1118: 2407, 481: 1073, 1156: 615, 1025: 34, 1150: 2450, 1051: 1783, 514: 1207, 488: 181, 816: 451, 954: 1025, 483: 862, 991: 2447, 753: 1247, 233: 616, 1373: 1326, 610: 814, 1187: 1190, 1308: 1447, 1381: 1121, 681: 2147, 986: 495, 1177: 1226, 394: 1380, 647: 587, 1136: 775, 544: 2001, 260: 2213, 669: 2010, 870: 275, 714: 2334, 1260: 2655, 1330: 970, 167: 2317, 1326: 1811, 875: 1629, 1149: 1782, 984: 1552, 460: 1513, 1069: 2137, 495: 2435, 1363: 440, 325: 940, 925: 1544, 795: 1649, 1037: 2140, 103: 1673, 1312: 2122, 1289: 2201, 1328: 77, 1169: 2440, 1359: 2610, 1063: 213, 466: 43, 948: 339, 1000: 1090, 956: 117, 871: 286, 835: 1743, 676: 382, 690: 795, 565: 2375, 1144: 902, 162: 251, 1364: 2552, 665: 2630, 1143: 1548, 40: 2424, 707: 1888, 450: 731, 147: 1589, 1167: 435, 1056: 1309, 523: 2332, 548: 317, 425: 2491, 1044: 1439, 985: 1434, 188: 2405, 971: 292, 507: 1093, 865: 2394, 827: 125, 1148: 1750, 692: 2364, 463: 1400, 698: 1094, 654: 1916, 177: 236, 1391: 1523, 673: 1706, 298: 2218, 1306: 1323, 126: 415, 1267: 863, 302: 2748, 942: 524, 1098: 148, 380: 1389, 184: 1420, 597: 1540, 501: 880, 973: 2399, 1054: 1169, 63: 1753, 990: 1795, 1400: 1406, 296: 1624, 1374: 688, 1331: 622, 119: 552, 343: 1267, 503: 2587, 215: 1295, 1215: 1234, 136: 119, 1342: 2329, 409: 1308, 1081: 2321, 999: 2073, 256: 516, 796: 571, 626: 2314, 1103: 375, 1201: 1074, 1339: 1830, 650: 2420, 1272: 826, 575: 1068, 86: 815, 310: 1942, 1142: 605, 866: 1664, 964: 1215, 1108: 1967, 550: 2458, 1251: 11, 741: 1218, 1241: 2434, 808: 883, 663: 1780, 383: 599, 975: 80, 1004: 740, 432: 528, 1096: 1095, 240: 621, 938: 1929, 894: 953, 857: 298, 600: 713, 54: 1726, 114: 1412, 417: 2431, 912: 889, 847: 2578, 322: 1849, 436: 2194, 452: 1862, 619: 187, 1121: 556, 170: 1919, 761: 234, 962: 2629, 1347: 1954, 678: 1277, 724: 233, 1208: 7, 1287: 2724, 748: 510, 706: 137, 872: 132, 437: 91, 1281: 578, 840: 26, 120: 245, 52: 208, 1246: 2071, 78: 2652, 201: 2335, 814: 478, 805: 1306, 146: 1777, 804: 639, 779: 1537, 1036: 1714, 1372: 2212, 402: 613, 608: 53, 1163: 733, 979: 2651, 1336: 192, 950: 48, 859: 2325, 422: 2055, 552: 1791, 208: 1327, 1266: 1609, 891: 807, 918: 602, 1200: 2187, 877: 149, 832: 1438, 1114: 2485, 1252: 2646, 905: 2673, 1384: 780, 944: 1122, 1323: 1407, 1207: 1359, 16: 2349, 1095: 1072, 809: 2754, 1070: 2100, 640: 2089, 506: 120, 1351: 1034, 648: 2086, 694: 1911, 1376: 2643, 825: 527, 687: 246, 333: 1960, 275: 2573, 589: 515, 194: 1998, 228: 1798, 830: 38, 251: 1417, 1329: 1790, 598: 2501, 448: 2665, 1301: 791, 1093: 2717, 1028: 2151, 664: 2130, 1353: 823, 802: 312, 1085: 75, 202: 473, 896: 166, 1302: 1192, 533: 2088, 1130: 2050, 214: 1478, 921: 1053, 742: 1741, 1176: 1889, 144: 2114, 997: 1016, 1042: 592, 1105: 725, 396: 1260, 1318: 488, 1370: 979, 1232: 2499, 1190: 432, 1026: 1732, 159: 2415, 1046: 608, 1032: 1928, 1393: 1168, 160: 314, 852: 1709, 793: 1947, 592: 846, 965: 1432, 695: 2149, 605: 1356, 3: 2391, 410: 254, 897: 1000, 1303: 2176, 148: 247, 903: 742, 285: 1304, 1131: 2562, 675: 2008, 554: 5, 919: 588, 235: 2257, 1009: 961, 179: 1978, 1170: 1855, 344: 1647, 995: 1132, 766: 2020, 612: 1996, 1300: 1511, 906: 1223, 1094: 752, 1023: 485, 743: 2167, 623: 1644, 1064: 1087, 1192: 2519, 886: 1999, 1222: 755, 192: 1084, 199: 666, 444: 935, 1053: 2627, 155: 810, 787: 1429, 709: 231, 577: 1815, 667: 1963, 138: 1789, 691: 2226, 784: 1057, 222: 1461, 475: 776, 288: 690, 1101: 1436, 1229: 606, 693: 1769, 1049: 2014, 989: 921, 307: 54, 200: 2684, 1112: 199, 1317: 906, 580: 1293, 765: 1906, 1392: 2527, 1106: 1779, 415: 201, 762: 1932, 587: 2262, 757: 565, 140: 1180, 910: 596, 914: 756, 885: 2189, 1018: 455, 838: 2374, 1340: 1376, 1113: 202, 1358: 1914, 904: 990, 1395: 1661, 1383: 1655, 781: 2404, 899: 1703, 715: 349, 733: 24, 716: 1364, 630: 545, 1100: 2545, 581: 1784, 372: 1408, 831: 1150, 849: 1610, 1091: 1860, 1107: 1676, 245: 1167, 963: 121, 1357: 211, 572: 364, 868: 610, 1182: 1752, 1039: 1091, 1043: 1781, 901: 677, 1153: 2354, 898: 1502, 469: 971, 902: 1847, 1334: 2366, 373: 1631, 1162: 2202, 1172: 1528, 790: 802, 1213: 518, 1086: 1424, 1137: 2585, 1324: 2488, 1290: 2628, 639: 21, 1378: 150, 818: 1909, 940: 692, 130: 2670, 1346: 765, 278: 839, 1017: 806, 1338: 2526, 730: 2718}",909.0,0.0078000000000000005,greedy,1944,output_multi_priority/assignment_results_greedy_lambda_0.00780.png
0,0.0,error: Unknown strategy: greedy_furthest,,,0.0078000000000000005,greedy_furthest,0,
0,3.5247249603271484,solver_failed: 3,{},0.0,0.0078000000000000005,cp,1877,output_multi_priority/assignment_results_cp_lambda_0.00780.png
485,7.649739027023315,success,"{673: 741, 1167: 692, 1140: 2631, 565: 1215, 483: 550, 963: 2897, 904: 2262, 589: 1465, 1341: 622, 671: 2768, 1177: 1125, 1131: 1156, 1034: 2399, 144: 2357, 1040: 983, 1098: 286, 1392: 2059, 293: 3064, 692: 3162, 333: 2737, 784: 2865, 1174: 2345, 425: 751, 761: 132, 847: 1560, 1000: 267, 896: 3039, 1032: 344, 1130: 99, 577: 1955, 674: 789, 678: 476, 383: 1487, 1004: 2376, 676: 1415, 1118: 2368, 875: 2777, 880: 2952, 870: 1552, 1362: 2613, 895: 2946, 1384: 3198, 1357: 523, 667: 1529, 995: 1810, 233: 1464, 1202: 1706, 1121: 1648, 1383: 449, 581: 302, 809: 2592, 1051: 864, 1037: 1861, 1069: 3029, 989: 2912, 753: 1053, 437: 3221, 1018: 2681, 171: 285, 648: 966, 647: 395, 677: 293, 455: 880, 1267: 2817, 130: 904, 675: 618, 871: 1962, 865: 42, 1302: 2062, 1026: 3133, 660: 1967, 409: 1461, 650: 896, 1187: 2898, 251: 1272, 1115: 21, 1158: 2394, 1285: 3130, 63: 2340, 695: 1204, 905: 605, 938: 1953, 681: 1481, 1201: 742, 1127: 419, 631: 328, 1153: 1434, 1053: 2751, 894: 1576, 859: 1688, 796: 2858, 507: 623, 307: 75, 1208: 1010, 550: 589, 361: 2016, 436: 2057, 343: 1659, 1372: 2589, 1281: 2753, 899: 1073, 1113: 729, 1025: 284, 637: 2779, 941: 3115, 1058: 884, 202: 1101, 1144: 2220, 910: 1862, 743: 2043, 814: 365, 162: 264, 921: 153, 1303: 1870, 956: 2088, 71: 968, 1156: 49, 912: 2077, 886: 2967, 779: 230, 103: 2483, 147: 3230, 228: 1760, 808: 809, 990: 203, 1142: 3181, 665: 642, 215: 928, 605: 895, 554: 932, 1064: 1682, 1107: 1867, 167: 3110, 1328: 1273, 668: 1948, 159: 2510, 275: 664, 1333: 2596, 1136: 2590, 310: 1932, 1155: 988, 943: 760, 1054: 1901, 1143: 858, 872: 1876, 1326: 51, 394: 2285, 1365: 803, 572: 1479, 548: 2034, 1135: 2091, 991: 793, 201: 942, 1329: 2362, 1039: 1998, 857: 991, 599: 2369, 129: 1938, 630: 1358, 189: 2055, 107: 3187, 448: 2767, 1330: 3218, 827: 2098, 664: 2063, 838: 1634, 756: 2441, 719: 338, 1091: 1624, 1126: 3058, 1345: 1819, 908: 3179, 238: 2575, 1323: 1985, 240: 317, 793: 2808, 885: 2402, 721: 1139, 372: 2761, 288: 2163, 1194: 905, 1370: 2505, 1016: 1501, 1229: 540, 1382: 2128, 580: 198, 1148: 1216, 604: 3068, 1078: 510, 16: 76, 296: 790, 488: 709, 1070: 1384, 996: 1941, 903: 2504, 260: 856, 1028: 2542, 1046: 3192, 694: 79, 432: 220, 897: 117, 748: 2244, 575: 2588, 514: 2665, 148: 2676, 140: 2250, 1308: 1224, 597: 2240, 689: 2210, 1300: 752, 245: 2529, 1331: 2798, 936: 3000, 806: 2543, 208: 3157, 1347: 1782, 1336: 2554, 918: 727, 830: 2420, 832: 3211, 417: 2148, 1376: 2792, 278: 2336, 1200: 1144, 114: 3124, 1017: 1256, 506: 2541, 661: 1102, 623: 1270, 1063: 1047, 1241: 1515, 214: 3076, 261: 2651, 891: 1684, 979: 1356, 791: 2714, 481: 3097, 1266: 1583, 1396: 398, 742: 336, 717: 389, 1151: 92, 715: 806, 1306: 1920, 110: 2704, 999: 1511, 1152: 2078, 1272: 38, 944: 2831, 1342: 1979, 177: 1865, 1009: 1689, 1213: 661, 375: 174, 475: 2203, 1012: 585, 804: 2838, 533: 722, 1296: 1921, 802: 872, 588: 2242, 925: 441, 256: 2678, 463: 1042, 322: 633, 1316: 972, 115: 469, 410: 2178, 146: 1140, 1338: 1369, 1125: 2080, 598: 3003, 706: 746, 1162: 140, 757: 592, 635: 2396, 187: 0, 846: 1784, 1104: 584, 613: 859, 422: 1712, 825: 145, 153: 2479, 610: 1058, 971: 920, 733: 1516, 1314: 655, 954: 2870, 1114: 2518, 1358: 2981, 1301: 2428, 450: 2092, 1203: 475, 852: 2638, 489: 1414, 877: 1398, 1109: 133, 612: 3231, 52: 1248, 1049: 1627, 1172: 1440, 1252: 1433, 1364: 70, 1019: 1064, 1346: 1217, 86: 2486, 466: 1052, 1388: 1641, 984: 218, 1190: 2583, 608: 310, 264: 1826, 1100: 3151, 866: 161, 824: 1422, 1105: 944, 138: 2586, 795: 2526, 1349: 446, 592: 1205, 760: 2421, 1043: 826, 600: 357, 344: 89, 1192: 418, 766: 391, 1103: 2219, 460: 2295, 940: 1149, 1359: 2235, 1106: 1235, 1081: 575, 1246: 186, 587: 10, 302: 1878, 762: 851, 78: 908, 687: 981, 1013: 1255, 1354: 77, 1287: 102, 469: 2138, 1215: 324, 828: 2922, 200: 2762, 373: 2600, 544: 653, 493: 874, 188: 1213, 495: 1299, 402: 1225, 1101: 603, 790: 2573, 1353: 2136, 786: 1587, 1023: 773, 1289: 865, 444: 1635, 1339: 423, 964: 422, 641: 1570, 452: 3173, 619: 1928, 1251: 1045, 1170: 1557, 3: 921, 973: 2998, 1317: 1914, 1095: 397, 906: 2272, 552: 2802, 325: 3081, 1137: 1175, 124: 246, 842: 311, 787: 1167, 1395: 1973, 1149: 1494, 942: 1521, 1036: 111, 501: 125, 741: 1431, 1260: 1275, 1270: 1039, 523: 2886, 781: 2363, 1207: 493, 289: 323, 948: 2058, 820: 291, 840: 2252, 818: 458, 1150: 723, 716: 1614, 119: 2968, 690: 889, 1374: 3207, 1240: 12, 1068: 2466, 1324: 3121, 707: 1528, 624: 1426, 1391: 1746, 235: 3149, 835: 1400, 1232: 1647, 714: 1858, 837: 1262, 1290: 363, 626: 95, 1334: 572, 1094: 2189, 1381: 1121, 849: 1032, 1011: 1342, 901: 2873, 985: 542, 1276: 1556, 184: 195, 1182: 2444, 693: 560, 1086: 1349, 199: 1297, 919: 3129, 669: 1345, 222: 745, 898: 1122, 1312: 2270, 839: 2984, 914: 2863, 1163: 1409, 638: 1336, 1373: 2840, 126: 1864, 1056: 2360, 1318: 1335, 1044: 222, 298: 1407, 997: 2344, 950: 1537, 236: 2214, 654: 3036, 805: 1727, 1340: 2156, 120: 770, 1112: 1350, 1400: 2571, 765: 1055, 902: 2743, 380: 1915, 724: 2964, 1363: 971, 1096: 1093, 986: 534, 975: 1652, 709: 3069, 40: 97, 951: 316, 170: 2785, 1108: 753, 194: 296, 932: 2729, 1129: 820, 1083: 2490, 1169: 2299, 1042: 1020, 962: 2206, 1351: 703, 503: 2019, 1393: 1504, 1226: 2141, 155: 3116, 691: 539, 994: 2931, 1085: 882, 192: 759, 816: 1117, 1355: 337, 627: 2707, 789: 3141, 730: 2754, 1222: 1830, 639: 2198, 160: 1221, 1378: 1757}",918.0,0.0089,greedy,2300,output_multi_priority/assignment_results_greedy_lambda_0.00890.png
0,0.0,error: Unknown strategy: greedy_furthest,,,0.0089,greedy_furthest,0,
0,4.56351900100708,solver_failed: 3,{},0.0,0.0089,cp,2274,output_multi_priority/assignment_results_cp_lambda_0.00890.png
484,10.680687189102173,success,"{793: 334, 444: 2873, 514: 827, 1396: 3244, 839: 3588, 552: 2275, 1114: 2535, 1359: 2147, 1162: 833, 1314: 1633, 167: 66, 409: 565, 322: 1134, 619: 3451, 343: 1957, 1226: 3013, 847: 1323, 1107: 2470, 483: 2733, 795: 958, 208: 3238, 1053: 178, 1287: 2295, 588: 417, 115: 2154, 495: 3331, 880: 2597, 302: 488, 194: 3585, 599: 3555, 1267: 763, 905: 2042, 307: 3021, 695: 746, 1318: 2183, 809: 3198, 1142: 2897, 827: 2164, 664: 2235, 361: 1641, 956: 1684, 507: 83, 1302: 454, 565: 3358, 1150: 1422, 597: 1182, 40: 879, 432: 2678, 903: 1534, 1069: 2834, 1013: 2684, 706: 2070, 895: 277, 375: 2270, 730: 2433, 1172: 3229, 383: 2975, 1182: 1058, 466: 2534, 1131: 1346, 1042: 1668, 1174: 2404, 787: 733, 233: 3507, 979: 132, 610: 2205, 899: 3354, 261: 2964, 786: 284, 605: 3026, 1372: 2309, 160: 3443, 1336: 2104, 661: 1894, 1113: 456, 1121: 1939, 1034: 1360, 859: 1729, 921: 1245, 153: 3397, 1202: 455, 1019: 3297, 707: 470, 296: 2629, 288: 1924, 1301: 636, 757: 1755, 481: 2287, 425: 3049, 1192: 2881, 671: 1996, 877: 2698, 1200: 3391, 1208: 1666, 650: 200, 668: 272, 1306: 780, 781: 716, 1058: 1591, 71: 2237, 789: 2845, 914: 3460, 716: 688, 264: 2240, 761: 1736, 110: 1832, 985: 2995, 592: 2199, 866: 3284, 1118: 1928, 344: 1449, 678: 1350, 1324: 2094, 1051: 661, 963: 2432, 1296: 2636, 698: 328, 637: 3612, 1177: 3611, 1095: 1636, 1063: 1166, 1169: 2723, 779: 1980, 146: 919, 598: 1306, 1040: 1554, 743: 2368, 1203: 613, 762: 510, 554: 1298, 1004: 2267, 140: 1236, 201: 458, 1032: 217, 1103: 1171, 1272: 1811, 635: 1399, 1323: 2892, 690: 1400, 215: 324, 493: 2800, 289: 2859, 943: 1333, 130: 542, 1083: 933, 1388: 1237, 1312: 1378, 1358: 2904, 990: 1367, 654: 3561, 238: 1017, 806: 3272, 724: 1339, 325: 1782, 469: 280, 973: 2370, 1400: 1370, 1049: 1706, 1023: 2352, 1300: 3366, 1349: 2256, 1252: 3305, 437: 1937, 1266: 767, 159: 530, 753: 2727, 1098: 1655, 1144: 2377, 103: 1596, 1345: 2722, 904: 1664, 910: 390, 184: 1190, 604: 618, 995: 2630, 891: 3122, 1374: 1034, 1153: 1414, 572: 1327, 741: 296, 1289: 703, 756: 2279, 1391: 3080, 1017: 1585, 674: 429, 171: 508, 1194: 3181, 784: 2328, 1170: 2641, 1046: 3529, 765: 1263, 1000: 500, 667: 3091, 1127: 3256, 148: 1443, 837: 839, 1148: 3289, 1331: 2599, 681: 102, 450: 2447, 820: 1322, 647: 2172, 1357: 1590, 1213: 2659, 162: 1224, 1036: 1665, 766: 339, 1207: 2631, 1064: 2777, 694: 498, 986: 2230, 240: 2029, 816: 2576, 1338: 317, 631: 427, 871: 1126, 932: 2349, 1108: 3072, 835: 3241, 938: 3320, 852: 243, 3: 1392, 676: 2911, 872: 492, 293: 960, 719: 1766, 948: 3551, 1384: 112, 1011: 1030, 912: 1844, 669: 325, 996: 3596, 202: 2729, 600: 305, 1155: 1801, 544: 1830, 1346: 2819, 846: 3301, 394: 3193, 673: 2862, 523: 3323, 120: 1667, 613: 3368, 1025: 880, 396: 1205, 1246: 1855, 235: 1793, 488: 1679, 1152: 1060, 612: 1727, 1378: 571, 1329: 1993, 630: 772, 1104: 3119, 760: 3149, 748: 2570, 857: 18, 533: 2739, 1382: 2503, 503: 2448, 808: 1798, 906: 899, 1158: 1976, 693: 1252, 677: 3493, 448: 1912, 1187: 826, 260: 420, 1136: 1863, 1101: 2257, 1316: 2821, 1086: 3351, 1241: 2825, 802: 1671, 994: 196, 1096: 1362, 999: 1382, 107: 414, 687: 2757, 136: 1358, 627: 948, 372: 194, 581: 3531, 691: 342, 828: 3068, 641: 2494, 714: 3558, 1135: 472, 814: 3212, 1115: 375, 422: 220, 898: 2481, 1091: 2346, 944: 2618, 830: 576, 1176: 1870, 1333: 3431, 1364: 762, 1156: 2160, 1009: 2893, 188: 928, 818: 757, 333: 902, 1328: 1586, 805: 1446, 147: 38, 1140: 905, 1251: 2127, 177: 1999, 1229: 1200, 1395: 384, 796: 558, 1222: 604, 189: 2472, 1109: 1819, 675: 1608, 965: 1472, 436: 13, 548: 1660, 310: 396, 954: 3594, 1016: 2019, 1326: 668, 1054: 1522, 298: 94, 1130: 3251, 941: 35, 742: 626, 1112: 1412, 228: 1334, 1143: 3120, 1078: 1197, 964: 1192, 455: 1987, 940: 2611, 214: 1110, 199: 1800, 897: 1509, 842: 1598, 919: 1102, 875: 1843, 1281: 266, 245: 330, 1126: 3105, 942: 3044, 1100: 506, 870: 800, 1201: 3168, 1056: 2268, 1342: 669, 1370: 692, 648: 637, 251: 2440, 624: 433, 501: 1047, 1070: 95, 1129: 1154, 865: 2498, 1215: 307, 991: 218, 1383: 2493, 1308: 918, 840: 867, 660: 1732, 1028: 583, 896: 783, 1276: 244, 1334: 395, 715: 871, 1094: 2588, 1232: 1948, 894: 2251, 1351: 1174, 550: 2022, 78: 2585, 63: 2059, 831: 3593, 717: 2696, 129: 2486, 1093: 2441, 54: 2167, 1376: 2090, 1081: 725, 665: 1698, 1270: 2017, 577: 3622, 1341: 990, 126: 687, 1149: 2760, 936: 270, 925: 206, 951: 1071, 1044: 954, 114: 2006, 1137: 525, 1347: 2817, 1330: 3524, 580: 1169, 997: 1794, 52: 729, 1190: 7, 236: 267, 187: 1155, 1365: 2926, 824: 2858, 1125: 1588, 819: 318, 1012: 1760, 16: 134, 463: 2330, 1037: 658, 1260: 1177, 721: 2032, 733: 3349, 1354: 1686, 1362: 967, 962: 3276, 589: 1551, 155: 3298, 885: 401, 689: 2614, 639: 1384, 256: 2314, 640: 1338, 1381: 854, 790: 1254, 971: 751, 1105: 467, 1240: 2876, 1039: 1548, 1106: 1717, 1085: 1527, 506: 859, 1163: 1467, 692: 2015, 285: 2206, 1151: 512, 278: 2669, 475: 285, 1167: 1512, 1018: 97, 417: 3195, 1393: 816, 192: 2438, 1043: 3000, 1339: 3416, 380: 2372, 119: 952, 1392: 553, 902: 930, 179: 2201, 1340: 3439, 1303: 1978, 489: 2355, 402: 479, 86: 1419, 452: 2551, 1353: 2783, 989: 570, 709: 2344, 984: 2149, 410: 3477, 918: 3100, 901: 1724, 222: 1587, 1068: 3469, 975: 2130, 908: 187, 1363: 3581, 587: 1564, 1026: 3166, 124: 3475, 791: 438, 200: 1398, 623: 1674, 1317: 232, 138: 2827, 804: 3095, 868: 1879, 663: 1616, 275: 3260, 1290: 1820, 144: 2985, 460: 3621}",932.0,0.01,greedy,2527,output_multi_priority/assignment_results_greedy_lambda_0.01000.png
0,0.0,error: Unknown strategy: greedy_furthest,,,0.01,greedy_furthest,0,
0,5.109470844268799,solver_failed: 3,{},0.0,0.01,cp,2450,output_multi_priority/assignment_results_cp_lambda_0.01000.png
